THCM,CROSS,CROSS2,P1,P2,PHIP,angle,CUTOFF,FORCE,WAVE,T11D,T20D,T21D,T22D,T11D2,T20D2,T21D2,T22D2,AX,AY,AZ,AX2,AY2,AZ2,POLNOUT(y),POLNOUT2(y),CROSSCAP,CROSSCAP2,AYN1CAP,AYN1CAP2,Energy
0.0,0.1651,0.5372,298.84,298.84,0.0,0.0,450,N4LO+,1NC,-0.0,-0.415,0.0,0.0,-0.0,-0.7825,0.0,0.0,0.0,0.0,0.0,0.0,0.0,-9.444e-18,-0.0,-0.0,0.025,0.08132,-0.0,-5.992000000000001e-34,100
0.0175,0.1657,0.5374,298.84,298.84,0.0,1.0,450,N4LO+,1NC,-0.0,-0.4159,0.06496,-0.001056,-0.003475,-0.7822,0.02462,-0.0003008,-0.0003299,0.0,-1.912e-16,-0.0002368,-2.634e-21,-1.569e-16,-0.0,-0.002375,0.02508,0.08134,0.0,0.002375,100
0.0349,0.1672,0.5379,298.84,298.84,0.0,2.0,450,N4LO+,1NC,0.0,-0.4185,0.129,-0.004187,-0.006933,-0.7812,0.04922,-0.001203,-0.001309,0.0,-6.048e-17,-0.0009462,1.0530000000000001e-20,-8.148e-17,-0.0,-0.004735,0.02531,0.08142,0.0,0.004735,100
0.0524,0.1698,0.5387,298.84,298.84,0.0,3.0,450,N4LO+,1NC,-0.0,-0.4226,0.1912,-0.009294,-0.01036,-0.7796,0.07377,-0.002703,-0.002904,0.0,7.336e-18,-0.002125,0.0,9.081e-18,-0.0,-0.007066,0.0257,0.08155,0.0,0.007066,100
0.0698,0.1734,0.5399,298.84,298.84,0.0,4.0,450,N4LO+,1NC,0.0,-0.4281,0.2509,-0.01622,-0.01373,-0.7773,0.09825,-0.0048,-0.005065,0.0,-1.459e-16,-0.003769,7.132e-19,-2.014e-18,-0.0,-0.009355,0.02625,0.08172,-0.0,0.009355,100
0.0873,0.1781,0.5414,298.84,298.84,0.0,5.0,450,N4LO+,1NC,-0.0,-0.4347,0.3074,-0.02475,-0.01703,-0.7744,0.1226,-0.007488,-0.007728,0.0,-1.028e-16,-0.005871,7.53e-19,-1.355e-16,-0.0,-0.01159,0.02695,0.08195,0.0,0.01159,100
0.1047,0.1837,0.5432,298.84,298.84,0.0,6.0,450,N4LO+,1NC,0.0,-0.442,0.3603,-0.03466,-0.02025,-0.7708,0.1469,-0.01076,-0.01082,0.0,-3.748e-17,-0.008422,3.336e-19,9.339e-18,-0.0,-0.01375,0.02781,0.08223,0.0,0.01375,100
0.1222,0.1904,0.5454,298.84,298.84,0.0,7.0,450,N4LO+,1NC,-0.0,-0.4498,0.4092,-0.04572,-0.02338,-0.7665,0.171,-0.01461,-0.01426,0.0,-1.649e-16,-0.01141,4.983e-19,-2.027e-17,-0.0,-0.01583,0.02882,0.08256,0.0,0.01583,100
0.1396,0.1981,0.5479,298.84,298.84,0.0,8.0,450,N4LO+,1NC,-0.0,-0.4577,0.4541,-0.05768,-0.02638,-0.7616,0.1949,-0.01904,-0.01798,0.0,1.098e-17,-0.01483,8.267e-19,-6.614e-18,-0.0,-0.01782,0.02998,0.08294,0.0,0.01782,100
0.1571,0.2067,0.5508,298.84,298.84,0.0,9.0,450,N4LO+,1NC,0.0,-0.4655,0.4949,-0.07031,-0.02927,-0.756,0.2187,-0.02402,-0.02191,0.0,-1.578e-17,-0.01866,1.645e-18,-2.829e-17,-0.0,-0.0197,0.03129,0.08337,0.0,0.0197,100
0.1745,0.2164,0.554,298.84,298.84,0.0,10.0,450,N4LO+,1NC,0.0,-0.4729,0.5318,-0.08341,-0.03201,-0.7497,0.2422,-0.02956,-0.02598,0.0,-1.172e-16,-0.02289,1.308e-18,-2.093e-17,-0.0,-0.02147,0.03276,0.08386,0.0,0.02147,100
0.192,0.227,0.5575,298.84,298.84,0.0,11.0,450,N4LO+,1NC,0.0,-0.4796,0.565,-0.09682,-0.03459,-0.7428,0.2655,-0.03563,-0.03014,0.0,-7.662e-17,-0.02751,9.75e-19,2.6e-18,-0.0,-0.02311,0.03437,0.08439,0.0,0.02311,100
0.2094,0.2386,0.5614,298.84,298.84,0.0,12.0,450,N4LO+,1NC,0.0,-0.4856,0.5947,-0.1104,-0.03702,-0.7351,0.2885,-0.04223,-0.03434,0.0,2.62e-17,-0.03248,1.291e-18,1.033e-17,-0.0,-0.02463,0.03612,0.08498,-0.0,0.02463,100
0.2269,0.2512,0.5656,298.84,298.84,0.0,13.0,450,N4LO+,1NC,0.0,-0.4905,0.6212,-0.124,-0.03927,-0.7267,0.3111,-0.04935,-0.03855,0.0,-7.358e-17,-0.03781,6.407e-19,-2.819e-17,-0.0,-0.02601,0.03802,0.08562,0.0,0.02601,100
0.2443,0.2647,0.5701,298.84,298.84,0.0,14.0,450,N4LO+,1NC,0.0,-0.4944,0.6448,-0.1375,-0.04135,-0.7176,0.3335,-0.05696,-0.04274,0.0,-1.123e-16,-0.04346,3.178e-18,-4.322e-17,-0.0,-0.02724,0.04007,0.08631,0.0,0.02724,100
0.2618,0.2791,0.5751,298.84,298.84,0.0,15.0,450,N4LO+,1NC,-0.0,-0.4972,0.6658,-0.151,-0.04323,-0.7078,0.3555,-0.06506,-0.04689,0.0,0.0,-0.04942,-1.26e-18,-8.822e-18,-0.0,-0.02833,0.04225,0.08705,0.0,0.02833,100
0.2793,0.2944,0.5803,298.84,298.84,0.0,16.0,450,N4LO+,1NC,-0.0,-0.4988,0.6845,-0.1642,-0.04492,-0.6973,0.3771,-0.07362,-0.05099,0.0,1.292e-17,-0.05567,1.249e-18,9.991e-18,-0.0,-0.02927,0.04457,0.08785,0.0,0.02927,100
0.2967,0.3107,0.5859,298.84,298.84,0.0,17.0,450,N4LO+,1NC,-0.0,-0.4991,0.7012,-0.1773,-0.04641,-0.686,0.3983,-0.08264,-0.05503,0.0,4.083e-18,-0.06219,-2.474e-18,-7.422e-18,-0.0,-0.03006,0.04703,0.0887,-0.0,0.03006,100
0.3142,0.3278,0.5919,298.84,298.84,0.0,18.0,450,N4LO+,1NC,0.0,-0.4983,0.7161,-0.1902,-0.04769,-0.6741,0.4191,-0.09209,-0.059,0.0,-9.177e-17,-0.06895,-1.225e-18,-9.062e-17,-0.0,-0.0307,0.04962,0.0896,0.0,0.0307,100
0.3316,0.3457,0.5982,298.84,298.84,0.0,19.0,450,N4LO+,1NC,0.0,-0.4962,0.7294,-0.2028,-0.04877,-0.6614,0.4393,-0.1019,-0.06291,0.0,5.293e-17,-0.07594,-1.03e-17,5.089e-17,-0.0,-0.03119,0.05234,0.09055,-0.0,0.03119,100
0.3491,0.3645,0.6048,298.84,298.84,0.0,20.0,450,N4LO+,1NC,-0.0,-0.493,0.7413,-0.2153,-0.04964,-0.648,0.4591,-0.1122,-0.06675,0.0,-1.839e-17,-0.08313,-1.198e-18,-4.793e-18,-0.0,-0.03152,0.05518,0.09156,-0.0,0.03152,100
0.3665,0.3842,0.6119,298.84,298.84,0.0,21.0,450,N4LO+,1NC,0.0,-0.4886,0.752,-0.2275,-0.0503,-0.6338,0.4784,-0.1228,-0.07054,0.0,-1.321e-16,-0.0905,1.303e-17,-7.344e-17,-0.0,-0.03172,0.05815,0.09262,-0.0,0.03172,100
0.384,0.4046,0.6192,298.84,298.84,0.0,22.0,450,N4LO+,1NC,-0.0,-0.483,0.7616,-0.2395,-0.05076,-0.619,0.4971,-0.1338,-0.07427,0.0,-7.165e-17,-0.09804,-8.193e-18,-2.341e-18,-0.0,-0.03177,0.06125,0.09374,0.0,0.03177,100
0.4014,0.4258,0.627,298.84,298.84,0.0,23.0,450,N4LO+,1NC,-0.0,-0.4765,0.7703,-0.2514,-0.05101,-0.6035,0.5153,-0.1452,-0.07796,0.0,-1.119e-16,-0.1057,-6.936e-18,-2.312e-18,-0.0,-0.03168,0.06446,0.09491,-0.0,0.03168,100
0.4189,0.4478,0.6351,298.84,298.84,0.0,24.0,450,N4LO+,1NC,0.0,-0.4688,0.7781,-0.263,-0.05106,-0.5872,0.5328,-0.1568,-0.08161,0.0,-6.271e-17,-0.1135,1.141e-18,-5.706e-18,-0.0,-0.03146,0.06779,0.09614,-0.0,0.03146,100
0.4363,0.4706,0.6436,298.84,298.84,0.0,25.0,450,N4LO+,1NC,-0.0,-0.4602,0.7852,-0.2746,-0.05091,-0.5703,0.5497,-0.1688,-0.08522,0.0,-2.772e-17,-0.1214,-1.126e-18,0.0,-0.0,-0.03112,0.07124,0.09743,-0.0,0.03112,100
0.4538,0.4941,0.6524,298.84,298.84,0.0,26.0,450,N4LO+,1NC,0.0,-0.4506,0.7916,-0.2859,-0.05057,-0.5527,0.566,-0.181,-0.08881,0.0,-1.564e-16,-0.1294,1.055e-17,-1.589e-16,-0.0,-0.03066,0.07479,0.09877,0.0,0.03066,100
0.4712,0.5182,0.6617,298.84,298.84,0.0,27.0,450,N4LO+,1NC,0.0,-0.4402,0.7974,-0.2972,-0.05004,-0.5344,0.5816,-0.1935,-0.09238,0.0,-2.867e-17,-0.1375,5.477e-18,-2.191e-18,-0.0,-0.03008,0.07845,0.1002,0.0,0.03008,100
0.4887,0.5431,0.6713,298.84,298.84,0.0,28.0,450,N4LO+,1NC,-0.0,-0.4288,0.8026,-0.3083,-0.04933,-0.5156,0.5966,-0.2062,-0.09593,0.0,-1.147e-17,-0.1456,-2.159e-18,-3.563e-17,-0.0,-0.02941,0.08222,0.1016,0.0,0.02941,100
0.5061,0.5687,0.6813,298.84,298.84,0.0,29.0,450,N4LO+,1NC,0.0,-0.4167,0.8073,-0.3194,-0.04844,-0.496,0.6108,-0.2191,-0.09948,0.0,1.725e-17,-0.1537,-1.064e-18,2.128e-17,-0.0,-0.02865,0.08609,0.1031,-0.0,0.02865,100
0.5236,0.5949,0.6916,298.84,298.84,0.0,30.0,450,N4LO+,1NC,0.0,-0.4037,0.8114,-0.3304,-0.04738,-0.4759,0.6242,-0.2323,-0.103,0.0,3.91e-17,-0.1619,9.431e-18,-5.24e-17,-0.0,-0.0278,0.09005,0.1047,-0.0,0.0278,100
0.5411,0.6217,0.7024,298.84,298.84,0.0,31.0,450,N4LO+,1NC,0.0,-0.3901,0.8151,-0.3413,-0.04616,-0.4552,0.637,-0.2456,-0.1066,0.0,-1.056e-16,-0.1701,8.255e-18,-1.238e-16,-0.0,-0.02688,0.09411,0.1063,0.0,0.02688,100
0.5585,0.6491,0.7135,298.84,298.84,0.0,32.0,450,N4LO+,1NC,-0.0,-0.3757,0.8184,-0.3521,-0.04479,-0.434,0.649,-0.259,-0.1101,0.0,-1.541e-16,-0.1782,8.126e-18,-7.72e-17,-0.0,-0.02589,0.09827,0.108,0.0,0.02589,100
0.576,0.6772,0.7251,298.84,298.84,0.0,33.0,450,N4LO+,1NC,-0.0,-0.3607,0.8212,-0.3629,-0.04328,-0.4122,0.6602,-0.2726,-0.1137,0.0,6.555e-18,-0.1864,-2.999e-18,-4.498e-17,-0.0,-0.02485,0.1025,0.1098,-0.0,0.02485,100
0.5934,0.7058,0.737,298.84,298.84,0.0,34.0,450,N4LO+,1NC,-0.0,-0.345,0.8235,-0.3737,-0.04163,-0.3899,0.6706,-0.2864,-0.1173,0.0,-9.46e-17,-0.1945,7.867e-18,-1.111e-16,-0.0,-0.02377,0.1068,0.1116,0.0,0.02377,100
0.6109,0.7349,0.7493,298.84,298.84,0.0,35.0,450,N4LO+,1NC,0.0,-0.3288,0.8255,-0.3844,-0.03986,-0.3672,0.6801,-0.3002,-0.121,0.0,-1.035e-17,-0.2025,-9.672e-18,4.836e-18,-0.0,-0.02265,0.1113,0.1134,0.0,0.02265,100
0.6283,0.7646,0.7621,298.84,298.84,0.0,36.0,450,N4LO+,1NC,0.0,-0.312,0.827,-0.395,-0.03797,-0.344,0.6889,-0.3141,-0.1246,0.0,-3.555e-17,-0.2105,-9.511e-19,1.902e-17,-0.0,-0.0215,0.1157,0.1154,0.0,0.0215,100
0.6458,0.7948,0.7752,298.84,298.84,0.0,37.0,450,N4LO+,1NC,0.0,-0.2946,0.8281,-0.4057,-0.03598,-0.3203,0.6969,-0.3281,-0.1283,0.0,1.231e-17,-0.2185,6.545e-18,3.74e-17,-0.0,-0.02035,0.1203,0.1173,-0.0,0.02035,100
0.6632,0.8255,0.7888,298.84,298.84,0.0,38.0,450,N4LO+,1NC,0.0,-0.2768,0.8288,-0.4163,-0.03389,-0.2963,0.704,-0.3421,-0.132,0.0,2.502e-17,-0.2264,4.594e-18,0.0,-0.0,-0.01918,0.125,0.1194,-0.0,0.01918,100
0.6807,0.8566,0.8027,298.84,298.84,0.0,39.0,450,N4LO+,1NC,-0.0,-0.2586,0.829,-0.4269,-0.03171,-0.2719,0.7103,-0.3561,-0.1358,0.0,-2.961e-18,-0.2342,4.514e-18,-1.806e-17,-0.0,-0.01802,0.1297,0.1215,-0.0,0.01802,100
0.6981,0.8882,0.8171,298.84,298.84,0.0,40.0,450,N4LO+,1NC,-0.0,-0.2399,0.8288,-0.4374,-0.02946,-0.2472,0.7157,-0.3702,-0.1396,0.0,7.058e-17,-0.242,-1.064e-17,4.612e-17,-0.0,-0.01687,0.1345,0.1237,-0.0,0.01687,100
0.7156,0.9203,0.8319,298.84,298.84,0.0,41.0,450,N4LO+,1NC,-0.0,-0.2207,0.8282,-0.448,-0.02713,-0.2222,0.7202,-0.3843,-0.1434,0.0,-1.181e-17,-0.2496,1.655e-17,-1.289e-16,-0.0,-0.01574,0.1393,0.1259,0.0,0.01574,100
0.733,0.9528,0.8471,298.84,298.84,0.0,42.0,450,N4LO+,1NC,-0.0,-0.2013,0.8272,-0.4585,-0.02475,-0.197,0.724,-0.3983,-0.1473,0.0,-2.282e-17,-0.2572,-1.711e-18,-1.027e-17,-0.0,-0.01464,0.1442,0.1282,0.0,0.01464,100
0.7505,0.9856,0.8627,298.84,298.84,0.0,43.0,450,N4LO+,1NC,-0.0,-0.1815,0.8257,-0.469,-0.02232,-0.1715,0.7268,-0.4123,-0.1512,0.0,-5.147e-18,-0.2647,-3.36e-18,-2.352e-17,-0.0,-0.01358,0.1492,0.1306,-0.0,0.01358,100
0.7679,1.019,0.8788,298.84,298.84,0.0,44.0,450,N4LO+,1NC,-0.0,-0.1613,0.8238,-0.4795,-0.01985,-0.1458,0.7288,-0.4263,-0.1552,0.0,-2.134e-18,-0.2721,-3.299e-18,3.299e-18,-0.0,-0.01256,0.1542,0.133,-0.0,0.01256,100
0.7854,1.052,0.8953,298.84,298.84,0.0,45.0,450,N4LO+,1NC,0.0,-0.1409,0.8215,-0.49,-0.01734,-0.1199,0.7299,-0.4402,-0.1592,0.0,2.479e-17,-0.2793,-6.476e-18,4.857e-17,-0.0,-0.01159,0.1593,0.1355,-0.0,0.01159,100
0.8029,1.086,0.9122,298.84,298.84,0.0,46.0,450,N4LO+,1NC,-0.0,-0.1202,0.8186,-0.5004,-0.01481,-0.09395,0.7302,-0.454,-0.1633,0.0,1.468e-17,-0.2865,-3.178e-18,-6.356e-18,-0.0,-0.01068,0.1645,0.1381,-0.0,0.01068,100
0.8203,1.121,0.9295,298.84,298.84,0.0,47.0,450,N4LO+,1NC,-0.0,-0.09926,0.8153,-0.5108,-0.01227,-0.06787,0.7295,-0.4678,-0.1674,0.0,-4.656e-17,-0.2936,3.119e-18,-5.614e-17,-0.0,-0.009829,0.1697,0.1407,0.0,0.009829,100
0.8378,1.155,0.9473,298.84,298.84,0.0,48.0,450,N4LO+,1NC,0.0,-0.07811,0.8116,-0.5212,-0.009712,-0.04173,0.7281,-0.4814,-0.1716,0.0,-7.528e-18,-0.3006,0.0,0.0,-0.0,-0.009046,0.1749,0.1434,-0.0,0.009046,100
0.8552,1.19,0.9655,298.84,298.84,0.0,49.0,450,N4LO+,1NC,0.0,-0.05678,0.8073,-0.5316,-0.007157,-0.01556,0.7257,-0.495,-0.1758,0.0,-4.506e-17,-0.3075,0.0,-3.603e-17,-0.0,-0.008335,0.1802,0.1462,0.0,0.008335,100
0.8727,1.225,0.9841,298.84,298.84,0.0,50.0,450,N4LO+,1NC,0.0,-0.03527,0.8026,-0.5419,-0.004609,0.0106,0.7225,-0.5084,-0.1801,0.0,2.366e-17,-0.3143,0.0,5.892e-18,-0.0,-0.0077,0.1855,0.149,0.0,0.0077,100
0.8901,1.261,1.003,298.84,298.84,0.0,51.0,450,N4LO+,1NC,0.0,-0.01363,0.7974,-0.5522,-0.002073,0.03673,0.7185,-0.5217,-0.1845,0.0,-9.197e-18,-0.321,8.67e-18,0.0,-0.0,-0.007145,0.1909,0.1519,-0.0,0.007145,100
0.9076,1.297,1.023,298.84,298.84,0.0,52.0,450,N4LO+,1NC,-0.0,0.00813,0.7917,-0.5624,0.0004445,0.06279,0.7136,-0.5348,-0.1889,0.0,2.683e-17,-0.3276,-1.134e-17,1.021e-16,-0.0,-0.006673,0.1963,0.1548,0.0,0.006673,100
0.925,1.332,1.042,298.84,298.84,0.0,53.0,450,N4LO+,1NC,-0.0,0.02998,0.7855,-0.5726,0.002936,0.08875,0.7079,-0.5478,-0.1933,0.0,4.351e-18,-0.3342,-5.562e-18,0.0,-0.0,-0.006287,0.2017,0.1578,-0.0,0.006287,100
0.9425,1.369,1.063,298.84,298.84,0.0,54.0,450,N4LO+,1NC,-0.0,0.0519,0.7788,-0.5827,0.005398,0.1146,0.7013,-0.5607,-0.1978,0.0,2.754e-17,-0.3406,-5.455e-18,3.273e-17,-0.0,-0.00599,0.2072,0.1609,-0.0,0.00599,100
0.9599,1.405,1.084,298.84,298.84,0.0,55.0,450,N4LO+,1NC,-0.0,0.07387,0.7716,-0.5927,0.007824,0.1402,0.6939,-0.5733,-0.2023,0.0,-1.857e-17,-0.3469,5.351e-18,-3.746e-17,-0.0,-0.005783,0.2127,0.164,0.0,0.005783,100
0.9774,1.441,1.105,298.84,298.84,0.0,56.0,450,N4LO+,1NC,-0.0,0.09585,0.7638,-0.6027,0.01021,0.1657,0.6857,-0.5858,-0.2069,0.0,-1.207e-17,-0.3531,1.05e-17,-1.05e-17,-0.0,-0.005667,0.2182,0.1672,-0.0,0.005667,100
0.9948,1.478,1.126,298.84,298.84,0.0,57.0,450,N4LO+,1NC,-0.0,0.1178,0.7555,-0.6127,0.01255,0.1909,0.6767,-0.5981,-0.2116,0.0,-1.569e-17,-0.3593,5.148e-18,0.0,-0.0,-0.005644,0.2237,0.1705,-0.0,0.005644,100
1.0123,1.515,1.148,298.84,298.84,0.0,58.0,450,N4LO+,1NC,0.0,0.1398,0.7468,-0.6225,0.01484,0.2158,0.6668,-0.6101,-0.2163,0.0,-1.914e-17,-0.3653,-5.05e-18,-1.515e-17,-0.0,-0.005714,0.2293,0.1738,-0.0,0.005714,100
1.0297,1.552,1.171,298.84,298.84,0.0,59.0,450,N4LO+,1NC,-0.0,0.1617,0.7374,-0.6323,0.01708,0.2405,0.6562,-0.622,-0.221,0.0,3.737e-18,-0.3713,0.0,-4.953e-18,-0.0,-0.005877,0.2349,0.1772,-0.0,0.005877,100
1.0472,1.589,1.193,298.84,298.84,0.0,60.0,450,N4LO+,1NC,-0.0,0.1835,0.7276,-0.6419,0.01926,0.2648,0.6448,-0.6336,-0.2258,0.0,7.299e-18,-0.3772,0.0,-9.717e-18,-0.0,-0.006134,0.2405,0.1806,0.0,0.006134,100
1.0647,1.626,1.216,298.84,298.84,0.0,61.0,450,N4LO+,1NC,0.0,0.2052,0.7172,-0.6515,0.02138,0.2888,0.6326,-0.645,-0.2306,0.0,-7.132e-18,-0.383,0.0,-4.29e-17,-0.0,-0.006484,0.2461,0.1842,0.0,0.006484,100
1.0821,1.663,1.24,298.84,298.84,0.0,62.0,450,N4LO+,1NC,-0.0,0.2268,0.7062,-0.661,0.02344,0.3124,0.6196,-0.6561,-0.2355,0.0,6.973e-18,-0.3888,4.676e-18,-1.87e-17,-0.0,-0.006926,0.2517,0.1877,0.0,0.006926,100
1.0996,1.7,1.264,298.84,298.84,0.0,63.0,450,N4LO+,1NC,-0.0,0.2483,0.6947,-0.6703,0.02544,0.3355,0.6059,-0.667,-0.2404,0.0,2.728e-17,-0.3944,-4.587e-18,1.376e-17,-0.0,-0.007459,0.2574,0.1913,-0.0,0.007459,100
1.117,1.737,1.288,298.84,298.84,0.0,64.0,450,N4LO+,1NC,0.0,0.2696,0.6827,-0.6795,0.02737,0.3582,0.5914,-0.6776,-0.2453,0.0,-3.337e-17,-0.4,-9.002e-18,-1.8e-17,-0.0,-0.008082,0.263,0.195,0.0,0.008082,100
1.1345,1.775,1.313,298.84,298.84,0.0,65.0,450,N4LO+,1NC,0.0,0.2906,0.6701,-0.6886,0.02923,0.3804,0.5763,-0.688,-0.2503,0.0,-1.96e-17,-0.4055,-8.833e-18,-8.833e-18,-0.0,-0.008794,0.2687,0.1987,0.0,0.008794,100
1.1519,1.812,1.338,298.84,298.84,0.0,66.0,450,N4LO+,1NC,-0.0,0.3115,0.657,-0.6976,0.03103,0.4021,0.5603,-0.6981,-0.2553,0.0,-6.4e-18,-0.4109,0.0,-8.668e-18,-0.0,-0.009593,0.2743,0.2025,0.0,0.009593,100
1.1694,1.849,1.363,298.84,298.84,0.0,67.0,450,N4LO+,1NC,-0.0,0.3321,0.6433,-0.7064,0.03275,0.4233,0.5437,-0.7078,-0.2604,0.0,0.0,-0.4163,0.0,-8.508e-18,-0.0,-0.01048,0.2799,0.2063,0.0,0.01048,100
1.1868,1.886,1.389,298.84,298.84,0.0,68.0,450,N4LO+,1NC,0.0,0.3524,0.6291,-0.715,0.03439,0.4438,0.5264,-0.7173,-0.2655,0.0,-1.229e-17,-0.4216,8.351e-18,-8.351e-18,-0.0,-0.01144,0.2856,0.2102,-0.0,0.01144,100
1.2043,1.923,1.414,298.84,298.84,0.0,69.0,450,N4LO+,1NC,-0.0,0.3724,0.6143,-0.7235,0.03597,0.4638,0.5084,-0.7265,-0.2706,0.0,-6.029e-18,-0.4268,0.0,-8.198e-18,-0.0,-0.01249,0.2912,0.2141,0.0,0.01249,100
1.2217,1.96,1.441,298.84,298.84,0.0,70.0,450,N4LO+,1NC,0.0,0.3921,0.5989,-0.7318,0.03747,0.4831,0.4898,-0.7353,-0.2757,0.0,0.0,-0.432,0.0,-8.049e-18,-0.0,-0.01362,0.2968,0.2181,0.0,0.01362,100
1.2392,1.997,1.467,298.84,298.84,0.0,71.0,450,N4LO+,1NC,0.0,0.4114,0.5831,-0.7399,0.0389,0.5018,0.4705,-0.7438,-0.2808,0.0,2.903e-17,-0.4371,0.0,3.162e-17,-0.0,-0.01482,0.3023,0.2221,-0.0,0.01482,100
1.2566,2.034,1.494,298.84,298.84,0.0,72.0,450,N4LO+,1NC,-0.0,0.4304,0.5667,-0.7478,0.04025,0.5197,0.4506,-0.752,-0.286,0.0,-5.701e-18,-0.4421,0.0,-7.763e-18,-0.0,-0.0161,0.3079,0.2261,0.0,0.0161,100
1.2741,2.07,1.521,298.84,298.84,0.0,73.0,450,N4LO+,1NC,0.0,0.4489,0.5497,-0.7555,0.04153,0.537,0.4301,-0.7598,-0.2912,0.0,1.12e-17,-0.447,1.525e-17,3.813e-17,-0.0,-0.01745,0.3134,0.2302,-0.0,0.01745,100
1.2915,2.107,1.548,298.84,298.84,0.0,74.0,450,N4LO+,1NC,0.0,0.467,0.5322,-0.763,0.04274,0.5534,0.4089,-0.7673,-0.2964,0.0,-1.101e-17,-0.4519,-7.493e-18,0.0,-0.0,-0.01886,0.3189,0.2343,-0.0,0.01886,100
1.309,2.143,1.575,298.84,298.84,0.0,75.0,450,N4LO+,1NC,0.0,0.4847,0.5142,-0.7703,0.04387,0.5691,0.3873,-0.7744,-0.3016,0.0,0.0,-0.4567,0.0,-7.363e-18,-0.0,-0.02035,0.3244,0.2384,0.0,0.02035,100
1.3265,2.179,1.602,298.84,298.84,0.0,76.0,450,N4LO+,1NC,0.0,0.5018,0.4957,-0.7773,0.04493,0.584,0.365,-0.7811,-0.3068,0.0,-5.322e-18,-0.4615,1.447e-17,-1.447e-17,-0.0,-0.02189,0.3298,0.2426,0.0,0.02189,100
1.3439,2.214,1.63,298.84,298.84,0.0,77.0,450,N4LO+,1NC,0.0,0.5184,0.4767,-0.7841,0.04591,0.5981,0.3423,-0.7874,-0.312,0.0,-5.237e-18,-0.4662,0.0,-7.115e-18,-0.0,-0.0235,0.3352,0.2467,0.0,0.0235,100
1.3614,2.25,1.658,298.84,298.84,0.0,78.0,450,N4LO+,1NC,0.0,0.5345,0.4571,-0.7906,0.04682,0.6113,0.319,-0.7934,-0.3172,0.0,0.0,-0.4708,-6.996e-18,-2.099e-17,-0.0,-0.02517,0.3405,0.2509,-0.0,0.02517,100
1.3788,2.284,1.685,298.84,298.84,0.0,79.0,450,N4LO+,1NC,-0.0,0.55,0.4371,-0.7969,0.04766,0.6236,0.2952,-0.7989,-0.3224,0.0,0.0,-0.4753,0.0,3.44e-18,-0.0,-0.02689,0.3458,0.2551,0.0,0.02689,100
1.3963,2.319,1.713,298.84,298.84,0.0,80.0,450,N4LO+,1NC,-0.0,0.5649,0.4166,-0.8029,0.04843,0.635,0.271,-0.804,-0.3275,0.0,0.0,-0.4798,0.0,-3.385e-18,-0.0,-0.02867,0.351,0.2593,0.0,0.02867,100
1.4137,2.353,1.741,298.84,298.84,0.0,81.0,450,N4LO+,1NC,-0.0,0.5792,0.3956,-0.8086,0.04914,0.6454,0.2464,-0.8087,-0.3327,0.0,-1.478e-17,-0.4842,0.0,-1.332e-17,-0.0,-0.0305,0.3562,0.2635,0.0,0.0305,100
1.4312,2.387,1.769,298.84,298.84,0.0,82.0,450,N4LO+,1NC,0.0,0.5928,0.3742,-0.814,0.04977,0.6549,0.2213,-0.813,-0.3379,0.0,1.944e-17,-0.4886,0.0,1.967e-17,-0.0,-0.03238,0.3613,0.2677,0.0,0.03238,100
1.4486,2.42,1.796,298.84,298.84,0.0,83.0,450,N4LO+,1NC,0.0,0.6058,0.3523,-0.819,0.05033,0.6634,0.1959,-0.8168,-0.343,0.0,0.0,-0.4928,0.0,0.0,-0.0,-0.0343,0.3663,0.2719,-0.0,0.0343,100
1.4661,2.452,1.824,298.84,298.84,0.0,84.0,450,N4LO+,1NC,-0.0,0.618,0.3299,-0.8238,0.05083,0.6708,0.1701,-0.8202,-0.3481,0.0,0.0,-0.497,0.0,6.357e-18,-0.0,-0.03627,0.3712,0.2761,0.0,0.03627,100
1.4835,2.485,1.852,298.84,298.84,0.0,85.0,450,N4LO+,1NC,-0.0,0.6295,0.3072,-0.8282,0.05127,0.6773,0.1439,-0.8231,-0.3532,0.0,-3.734e-17,-0.5011,0.0,-6.889e-17,-0.0,-0.03827,0.3761,0.2803,0.0,0.03827,100
1.501,2.516,1.879,298.84,298.84,0.0,86.0,450,N4LO+,1NC,0.0,0.6402,0.284,-0.8323,0.05164,0.6827,0.1175,-0.8256,-0.3582,0.0,-9.218e-18,-0.5052,0.0,-1.234e-17,-0.0,-0.04032,0.3809,0.2845,0.0,0.04032,100
1.5184,2.547,1.906,298.84,298.84,0.0,87.0,450,N4LO+,1NC,-0.0,0.6502,0.2605,-0.8361,0.05194,0.687,0.0908,-0.8276,-0.3632,0.0,-4.553e-18,-0.5091,-6.083e-18,-1.217e-17,-0.0,-0.04241,0.3855,0.2886,0.0,0.04241,100
1.5359,2.577,1.933,298.84,298.84,0.0,88.0,450,N4LO+,1NC,-0.0,0.6593,0.2366,-0.8394,0.05219,0.6902,0.06387,-0.8291,-0.3682,0.0,-4.5e-17,-0.513,5.998e-18,-3.599e-17,-0.0,-0.04453,0.3901,0.2927,-0.0,0.04453,100
1.5533,2.607,1.96,298.84,298.84,0.0,89.0,450,N4LO+,1NC,-0.0,0.6676,0.2124,-0.8424,0.05238,0.6923,0.03672,-0.8302,-0.3731,0.0,2.669e-17,-0.5168,0.0,3.55e-17,-0.0,-0.04668,0.3946,0.2967,0.0,0.04668,100
1.5708,2.635,1.986,298.84,298.84,0.0,90.0,450,N4LO+,1NC,0.0,0.675,0.1878,-0.8451,0.05251,0.6933,0.009398,-0.8307,-0.378,0.0,0.0,-0.5206,0.0,5.838e-18,-0.0,-0.04887,0.3989,0.3007,0.0,0.04887,100
1.5882,2.663,2.013,298.84,298.84,0.0,91.0,450,N4LO+,1NC,-0.0,0.6816,0.1629,-0.8473,0.05258,0.6932,-0.01807,-0.8308,-0.3828,0.0,2.613e-17,-0.5242,0.0,1.152e-17,-0.0,-0.05109,0.4032,0.3047,0.0,0.05109,100
1.6057,2.69,2.038,298.84,298.84,0.0,92.0,450,N4LO+,1NC,-0.0,0.6873,0.1378,-0.8491,0.05259,0.6919,-0.04564,-0.8303,-0.3876,0.0,-3.448e-17,-0.5277,0.0,-3.982e-17,-0.0,-0.05333,0.4073,0.3086,0.0,0.05333,100
1.6232,2.717,2.064,298.84,298.84,0.0,93.0,450,N4LO+,1NC,0.0,0.692,0.1124,-0.8505,0.05255,0.6895,-0.07328,-0.8294,-0.3923,0.0,8.537e-18,-0.5312,0.0,5.619e-18,-0.0,-0.0556,0.4112,0.3124,-0.0,0.0556,100
1.6406,2.742,2.088,298.84,298.84,0.0,94.0,450,N4LO+,1NC,-0.0,0.6958,0.08678,-0.8516,0.05246,0.6858,-0.101,-0.828,-0.397,0.0,4.229e-18,-0.5346,0.0,1.111e-17,-0.0,-0.0579,0.4151,0.3161,-0.0,0.0579,100
1.6581,2.766,2.113,298.84,298.84,0.0,95.0,450,N4LO+,1NC,-0.0,0.6986,0.06096,-0.8521,0.05232,0.681,-0.1287,-0.8261,-0.4015,0.0,-3.773e-17,-0.5378,5.489e-18,-6.587e-17,-0.0,-0.06022,0.4188,0.3198,-0.0,0.06022,100
1.6755,2.79,2.136,298.84,298.84,0.0,96.0,450,N4LO+,1NC,-0.0,0.7005,0.03496,-0.8523,0.05213,0.675,-0.1563,-0.8236,-0.406,0.0,1.247e-17,-0.541,0.0,3.257e-17,-0.0,-0.06256,0.4223,0.3234,-0.0,0.06256,100
1.693,2.812,2.159,298.84,298.84,0.0,97.0,450,N4LO+,1NC,-0.0,0.7013,0.008818,-0.852,0.05188,0.6678,-0.1839,-0.8207,-0.4105,0.0,-4.124e-18,-0.5441,0.0,0.0,-0.0,-0.06493,0.4257,0.3269,-0.0,0.06493,100
1.7104,2.833,2.182,298.84,298.84,0.0,98.0,450,N4LO+,1NC,-0.0,0.7011,-0.01744,-0.8513,0.05159,0.6594,-0.2114,-0.8172,-0.4148,0.0,2.456e-17,-0.5471,-5.315e-18,4.252e-17,-0.0,-0.06731,0.4289,0.3303,0.0,0.06731,100
1.7279,2.853,2.204,298.84,298.84,0.0,99.0,450,N4LO+,1NC,0.0,0.6999,-0.04379,-0.8501,0.05126,0.6499,-0.2387,-0.8132,-0.4191,0.0,0.0,-0.5499,0.0,0.0,-0.0,-0.06972,0.4319,0.3336,-0.0,0.06972,100
1.7453,2.872,2.224,298.84,298.84,0.0,100.0,450,N4LO+,1NC,-0.0,0.6977,-0.07019,-0.8485,0.05088,0.6391,-0.2659,-0.8088,-0.4233,0.0,1.615e-17,-0.5527,5.213e-18,2.085e-17,-0.0,-0.07214,0.4348,0.3367,0.0,0.07214,100
1.7628,2.89,2.245,298.84,298.84,0.0,101.0,450,N4LO+,1NC,0.0,0.6944,-0.09661,-0.8464,0.05046,0.6271,-0.2928,-0.8038,-0.4274,0.0,1.605e-17,-0.5554,5.166e-18,3.1e-17,-0.0,-0.07458,0.4375,0.3398,0.0,0.07458,100
1.7802,2.906,2.264,298.84,298.84,0.0,102.0,450,N4LO+,1NC,0.0,0.6901,-0.123,-0.8438,0.04999,0.6139,-0.3195,-0.7983,-0.4313,0.0,-7.98e-18,-0.5579,5.122e-18,-1.024e-17,-0.0,-0.07703,0.4399,0.3427,-0.0,0.07703,100
1.7977,2.921,2.282,298.84,298.84,0.0,103.0,450,N4LO+,1NC,0.0,0.6847,-0.1494,-0.8408,0.04949,0.5995,-0.3459,-0.7923,-0.4352,0.0,0.0,-0.5603,0.0,0.0,-0.0,-0.07951,0.4422,0.3455,0.0,0.07951,100
1.8151,2.935,2.3,298.84,298.84,0.0,104.0,450,N4LO+,1NC,-0.0,0.6782,-0.1757,-0.8373,0.04894,0.5839,-0.3719,-0.7858,-0.439,0.0,0.0,-0.5626,0.0,-1.008e-17,-0.0,-0.082,0.4443,0.3481,-0.0,0.082,100
1.8326,2.947,2.316,298.84,298.84,0.0,105.0,450,N4LO+,1NC,-0.0,0.6706,-0.2019,-0.8333,0.04836,0.5672,-0.3976,-0.7788,-0.4427,0.0,0.0,-0.5648,5.007e-18,-1.001e-17,-0.0,-0.0845,0.4462,0.3506,-0.0,0.0845,100
1.85,2.958,2.332,298.84,298.84,0.0,106.0,450,N4LO+,1NC,0.0,0.662,-0.2279,-0.8289,0.04774,0.5493,-0.4229,-0.7713,-0.4463,0.0,0.0,-0.5669,4.974e-18,-1.989e-17,-0.0,-0.08702,0.4478,0.353,-0.0,0.08702,100
1.8675,2.968,2.346,298.84,298.84,0.0,107.0,450,N4LO+,1NC,0.0,0.6523,-0.2538,-0.824,0.04708,0.5302,-0.4477,-0.7633,-0.4497,0.0,-7.815e-18,-0.5688,0.0,0.0,-0.0,-0.08955,0.4493,0.3551,-0.0,0.08955,100
1.885,2.976,2.359,298.84,298.84,0.0,108.0,450,N4LO+,1NC,-0.0,0.6415,-0.2794,-0.8186,0.04639,0.51,-0.472,-0.7549,-0.453,0.0,-7.794e-18,-0.5706,0.0,-9.831e-18,-0.0,-0.09209,0.4505,0.3571,-0.0,0.09209,100
1.9024,2.982,2.371,298.84,298.84,0.0,109.0,450,N4LO+,1NC,0.0,0.6296,-0.3048,-0.8128,0.04567,0.4887,-0.4958,-0.746,-0.4562,0.0,-7.777e-18,-0.5723,4.891e-18,0.0,-0.0,-0.09465,0.4514,0.3589,-0.0,0.09465,100
1.9199,2.987,2.382,298.84,298.84,0.0,110.0,450,N4LO+,1NC,0.0,0.6167,-0.3299,-0.8065,0.04492,0.4663,-0.519,-0.7366,-0.4593,0.0,0.0,-0.5738,4.869e-18,0.0,-0.0,-0.09722,0.4522,0.3605,0.0,0.09722,100
1.9373,2.99,2.391,298.84,298.84,0.0,111.0,450,N4LO+,1NC,0.0,0.6027,-0.3547,-0.7997,0.04413,0.4428,-0.5416,-0.7268,-0.4622,0.0,7.756e-18,-0.5752,0.0,-1.94e-17,-0.0,-0.09981,0.4527,0.362,0.0,0.09981,100
1.9548,2.992,2.399,298.84,298.84,0.0,112.0,450,N4LO+,1NC,0.0,0.5876,-0.3791,-0.7925,0.04331,0.4182,-0.5636,-0.7165,-0.465,0.0,0.0,-0.5765,4.833e-18,1.933e-17,-0.0,-0.1024,0.4529,0.3632,0.0,0.1024,100
1.9722,2.992,2.406,298.84,298.84,0.0,113.0,450,N4LO+,1NC,0.0,0.5715,-0.4031,-0.7848,0.04247,0.3926,-0.5849,-0.7058,-0.4677,0.0,-1.55e-17,-0.5775,-4.819e-18,-3.856e-17,-0.0,-0.105,0.4529,0.3642,-0.0,0.105,100
1.9897,2.99,2.412,298.84,298.84,0.0,114.0,450,N4LO+,1NC,0.0,0.5544,-0.4267,-0.7767,0.04159,0.366,-0.6055,-0.6947,-0.4702,0.0,0.0,-0.5785,4.809e-18,-9.617e-18,-0.0,-0.1076,0.4526,0.3651,-0.0,0.1076,100
2.0071,2.986,2.416,298.84,298.84,0.0,115.0,450,N4LO+,1NC,-0.0,0.5363,-0.4498,-0.7681,0.04069,0.3384,-0.6254,-0.6832,-0.4725,0.0,0.0,-0.5792,4.801e-18,-9.601e-18,-0.0,-0.1103,0.4521,0.3657,-0.0,0.1103,100
2.0246,2.981,2.418,298.84,298.84,0.0,116.0,450,N4LO+,1NC,0.0,0.5172,-0.4725,-0.7591,0.03977,0.3099,-0.6444,-0.6712,-0.4747,0.0,0.0,-0.5799,9.591e-18,-9.591e-18,-0.0,-0.1129,0.4513,0.366,-0.0,0.1129,100
2.042,2.974,2.419,298.84,298.84,0.0,117.0,450,N4LO+,1NC,-0.0,0.4971,-0.4945,-0.7497,0.03882,0.2805,-0.6627,-0.6589,-0.4767,0.0,0.0,-0.5803,4.794e-18,9.587e-18,-0.0,-0.1156,0.4502,0.3662,-0.0,0.1156,100
2.0595,2.965,2.419,298.84,298.84,0.0,118.0,450,N4LO+,1NC,-0.0,0.476,-0.516,-0.7398,0.03784,0.2501,-0.6801,-0.6463,-0.4786,0.0,0.0,-0.5805,-9.589e-18,-9.589e-18,-0.0,-0.1183,0.4489,0.3661,0.0,0.1183,100
2.0769,2.955,2.417,298.84,298.84,0.0,119.0,450,N4LO+,1NC,-0.0,0.4541,-0.5369,-0.7295,0.03684,0.219,-0.6966,-0.6333,-0.4802,0.0,-2.355e-17,-0.5806,4.798e-18,-4.798e-17,-0.0,-0.1209,0.4473,0.3658,0.0,0.1209,100
2.0944,2.942,2.413,298.84,298.84,0.0,120.0,450,N4LO+,1NC,0.0,0.4312,-0.5572,-0.7189,0.03582,0.187,-0.7123,-0.6199,-0.4817,0.0,0.0,-0.5805,0.0,9.611e-18,-0.0,-0.1236,0.4454,0.3653,0.0,0.1236,100
2.1118,2.928,2.408,298.84,298.84,0.0,121.0,450,N4LO+,1NC,-0.0,0.4075,-0.5768,-0.7078,0.03478,0.1543,-0.727,-0.6063,-0.483,0.0,7.921e-18,-0.5802,0.0,9.632e-18,-0.0,-0.1263,0.4432,0.3645,-0.0,0.1263,100
2.1293,2.912,2.401,298.84,298.84,0.0,122.0,450,N4LO+,1NC,0.0,0.3829,-0.5957,-0.6964,0.03372,0.1208,-0.7407,-0.5924,-0.4841,0.0,7.965e-18,-0.5797,4.829e-18,0.0,-0.0,-0.1291,0.4408,0.3635,0.0,0.1291,100
2.1468,2.894,2.393,298.84,298.84,0.0,123.0,450,N4LO+,1NC,-0.0,0.3575,-0.6138,-0.6846,0.03264,0.08667,-0.7535,-0.5781,-0.485,0.0,8.014e-18,-0.579,-4.846e-18,4.362e-17,-0.0,-0.1318,0.4381,0.3622,-0.0,0.1318,100
2.1642,2.874,2.383,298.84,298.84,0.0,124.0,450,N4LO+,1NC,-0.0,0.3313,-0.6312,-0.6725,0.03154,0.05189,-0.7652,-0.5636,-0.4857,0.0,8.069e-18,-0.578,-4.867e-18,-9.733e-18,-0.0,-0.1345,0.4351,0.3607,-0.0,0.1345,100
2.1817,2.853,2.371,298.84,298.84,0.0,125.0,450,N4LO+,1NC,-0.0,0.3044,-0.6478,-0.66,0.03043,0.01651,-0.7759,-0.5489,-0.4862,0.0,-8.13e-18,-0.5769,0.0,-4.89e-18,-0.0,-0.1373,0.4318,0.359,0.0,0.1373,100
2.1991,2.829,2.358,298.84,298.84,0.0,126.0,450,N4LO+,1NC,0.0,0.2768,-0.6636,-0.6472,0.02929,-0.01942,-0.7856,-0.534,-0.4865,0.0,-8.197e-18,-0.5755,0.0,-4.918e-18,-0.0,-0.1401,0.4283,0.357,0.0,0.1401,100
2.2166,2.804,2.343,298.84,298.84,0.0,127.0,450,N4LO+,1NC,-0.0,0.2485,-0.6785,-0.6342,0.02814,-0.05584,-0.7941,-0.5189,-0.4865,0.0,-1.654e-17,-0.5739,-7.423e-18,4.949e-18,-0.0,-0.1428,0.4245,0.3547,-0.0,0.1428,100
2.234,2.777,2.327,298.84,298.84,0.0,128.0,450,N4LO+,1NC,0.0,0.2196,-0.6925,-0.6208,0.02698,-0.09272,-0.8016,-0.5036,-0.4863,0.0,-4.175e-17,-0.572,2.492e-18,-3.489e-17,-0.0,-0.1456,0.4205,0.3522,0.0,0.1456,100
2.2515,2.749,2.309,298.84,298.84,0.0,129.0,450,N4LO+,1NC,-0.0,0.1902,-0.7057,-0.6072,0.0258,-0.13,-0.808,-0.4881,-0.4858,0.0,0.0,-0.5698,2.511e-18,0.0,-0.0,-0.1484,0.4161,0.3495,-0.0,0.1484,100
2.2689,2.719,2.289,298.84,298.84,0.0,130.0,450,N4LO+,1NC,-0.0,0.1601,-0.718,-0.5933,0.02461,-0.1676,-0.8132,-0.4725,-0.4851,0.0,8.531e-18,-0.5674,-5.066e-18,3.546e-17,-0.0,-0.1512,0.4116,0.3465,0.0,0.1512,100
2.2864,2.687,2.268,298.84,298.84,0.0,131.0,450,N4LO+,1NC,-0.0,0.1296,-0.7293,-0.5791,0.0234,-0.2055,-0.8173,-0.4568,-0.4841,0.0,3.884e-17,-0.5648,-5.113e-18,-1.023e-17,-0.0,-0.154,0.4067,0.3433,-0.0,0.154,100
2.3038,2.653,2.245,298.84,298.84,0.0,132.0,450,N4LO+,1NC,-0.0,0.09864,-0.7396,-0.5648,0.02219,-0.2437,-0.8203,-0.441,-0.4828,0.0,8.741e-18,-0.5618,0.0,0.0,-0.0,-0.1568,0.4017,0.3399,0.0,0.1568,100
2.3213,2.618,2.221,298.84,298.84,0.0,133.0,450,N4LO+,1NC,-0.0,0.06726,-0.749,-0.5502,0.02096,-0.282,-0.8221,-0.4252,-0.4812,0.0,-8.858e-18,-0.5585,0.0,5.221e-18,-0.0,-0.1596,0.3963,0.3362,-0.0,0.1596,100
2.3387,2.582,2.195,298.84,298.84,0.0,134.0,450,N4LO+,1NC,-0.0,0.03553,-0.7574,-0.5355,0.01972,-0.3205,-0.8228,-0.4093,-0.4794,0.0,0.0,-0.5549,-1.321e-17,0.0,-0.0,-0.1624,0.3908,0.3323,0.0,0.1624,100
2.3562,2.544,2.168,298.84,298.84,0.0,135.0,450,N4LO+,1NC,-0.0,0.003486,-0.7648,-0.5206,0.01848,-0.3591,-0.8222,-0.3934,-0.4772,0.0,1.368e-17,-0.551,5.348e-18,3.209e-17,-0.0,-0.1652,0.385,0.3282,-0.0,0.1652,100
2.3736,2.504,2.14,298.84,298.84,0.0,136.0,450,N4LO+,1NC,-0.0,-0.02882,-0.7712,-0.5056,0.01722,-0.3977,-0.8206,-0.3776,-0.4747,0.0,-1.389e-17,-0.5467,5.42e-18,-1.084e-17,-0.0,-0.168,0.3791,0.3239,0.0,0.168,100
2.3911,2.463,2.11,298.84,298.84,0.0,137.0,450,N4LO+,1NC,0.0,-0.06133,-0.7766,-0.4904,0.01596,-0.4362,-0.8177,-0.3617,-0.4718,0.0,-1.883e-17,-0.5421,0.0,-2.198e-17,-0.0,-0.1708,0.3729,0.3194,-0.0,0.1708,100
2.4086,2.421,2.079,298.84,298.84,0.0,138.0,450,N4LO+,1NC,-0.0,-0.094,-0.7809,-0.4752,0.0147,-0.4747,-0.8137,-0.346,-0.4686,0.0,0.0,-0.5371,-2.789e-18,2.789e-17,-0.0,-0.1736,0.3665,0.3147,0.0,0.1736,100
2.426,2.378,2.046,298.84,298.84,0.0,139.0,450,N4LO+,1NC,0.0,-0.1268,-0.7841,-0.4598,0.01343,-0.513,-0.8085,-0.3303,-0.465,0.0,6.339e-17,-0.5317,-2.833e-18,3.4e-17,-0.0,-0.1763,0.36,0.3098,-0.0,0.1763,100
2.4435,2.334,2.013,298.84,298.84,0.0,140.0,450,N4LO+,1NC,-0.0,-0.1596,-0.7863,-0.4444,0.01216,-0.5511,-0.8021,-0.3147,-0.461,0.0,4.969e-18,-0.5259,8.641e-18,-5.76e-18,-0.0,-0.179,0.3533,0.3047,-0.0,0.179,100
2.4609,2.288,1.979,298.84,298.84,0.0,141.0,450,N4LO+,1NC,-0.0,-0.1925,-0.7875,-0.4289,0.01088,-0.589,-0.7946,-0.2993,-0.4567,0.0,0.0,-0.5197,5.861e-18,1.172e-17,-0.0,-0.1817,0.3464,0.2995,0.0,0.1817,100
2.4784,2.242,1.943,298.84,298.84,0.0,142.0,450,N4LO+,1NC,-0.0,-0.2253,-0.7876,-0.4135,0.009611,-0.6265,-0.7859,-0.284,-0.4519,0.0,8.276e-17,-0.513,0.0,3.581e-17,-0.0,-0.1843,0.3394,0.2941,-0.0,0.1843,100
2.4958,2.195,1.907,298.84,298.84,0.0,143.0,450,N4LO+,1NC,0.0,-0.258,-0.7866,-0.398,0.00834,-0.6637,-0.7762,-0.2689,-0.4466,0.0,3.698e-17,-0.5059,3.041e-18,2.129e-17,-0.0,-0.1869,0.3323,0.2886,0.0,0.1869,100
2.5133,2.147,1.869,298.84,298.84,0.0,144.0,450,N4LO+,1NC,0.0,-0.2905,-0.7845,-0.3825,0.007074,-0.7004,-0.7653,-0.2541,-0.4409,0.0,7.022e-17,-0.4983,1.551e-18,1.675e-16,-0.0,-0.1894,0.325,0.283,-0.0,0.1894,100
2.5307,2.098,1.832,298.84,298.84,0.0,145.0,450,N4LO+,1NC,-0.0,-0.3229,-0.7813,-0.367,0.005814,-0.7367,-0.7533,-0.2395,-0.4348,0.0,-5.526e-18,-0.4902,0.0,-1.266e-17,-0.0,-0.1919,0.3177,0.2773,0.0,0.1919,100
2.5482,2.049,1.793,298.84,298.84,0.0,146.0,450,N4LO+,1NC,0.0,-0.355,-0.7771,-0.3516,0.004562,-0.7724,-0.7403,-0.2251,-0.4281,0.0,1.132e-16,-0.4816,-8.085e-18,1.067e-16,-0.0,-0.1942,0.3102,0.2714,0.0,0.1942,100
2.5656,2.0,1.754,298.84,298.84,0.0,147.0,450,N4LO+,1NC,0.0,-0.3868,-0.7718,-0.3363,0.003321,-0.8075,-0.7262,-0.2111,-0.4209,0.0,-1.16e-17,-0.4724,-1.653e-18,-6.612e-18,-0.0,-0.1965,0.3027,0.2655,-0.0,0.1965,100
2.5831,1.95,1.714,298.84,298.84,0.0,148.0,450,N4LO+,1NC,0.0,-0.4183,-0.7654,-0.321,0.002094,-0.842,-0.7111,-0.1973,-0.4132,0.0,8.325e-17,-0.4627,-6.765e-18,1.049e-16,-0.0,-0.1986,0.2952,0.2595,-0.0,0.1986,100
2.6005,1.9,1.674,298.84,298.84,0.0,149.0,450,N4LO+,1NC,0.0,-0.4494,-0.7579,-0.3059,0.0008839,-0.8757,-0.6951,-0.1839,-0.4049,0.0,3.662e-17,-0.4524,-1.039e-17,1.628e-16,-0.0,-0.2006,0.2876,0.2534,-0.0,0.2006,100
2.618,1.85,1.634,298.84,298.84,0.0,150.0,450,N4LO+,1NC,-0.0,-0.48,-0.7493,-0.2908,-0.000306,-0.9088,-0.678,-0.1709,-0.3961,0.0,-6.268e-18,-0.4414,1.774e-18,-1.065e-17,-0.0,-0.2024,0.2801,0.2473,0.0,0.2024,100
2.6354,1.8,1.593,298.84,298.84,0.0,151.0,450,N4LO+,1NC,0.0,-0.5101,-0.7397,-0.2759,-0.001472,-0.941,-0.6601,-0.1582,-0.3866,0.0,3.221e-18,-0.4299,3.639e-18,4.548e-17,-0.0,-0.204,0.2725,0.2412,0.0,0.204,100
2.6529,1.75,1.553,298.84,298.84,0.0,152.0,450,N4LO+,1NC,-0.0,-0.5397,-0.729,-0.2612,-0.00261,-0.9723,-0.6413,-0.146,-0.3765,0.0,4.97e-17,-0.4177,0.0,0.0,-0.0,-0.2054,0.2649,0.2351,-0.0,0.2054,100
2.6704,1.701,1.513,298.84,298.84,0.0,153.0,450,N4LO+,1NC,0.0,-0.5687,-0.7172,-0.2466,-0.003715,-1.003,-0.6217,-0.1342,-0.3658,0.0,2.728e-17,-0.4049,1.917e-18,-1.917e-18,-0.0,-0.2066,0.2574,0.229,-0.0,0.2066,100
2.6878,1.651,1.472,298.84,298.84,0.0,154.0,450,N4LO+,1NC,0.0,-0.5971,-0.7043,-0.2322,-0.004783,-1.032,-0.6013,-0.1228,-0.3545,0.0,4.916e-17,-0.3914,-1.181e-17,-2.363e-17,-0.0,-0.2075,0.25,0.2229,0.0,0.2075,100
2.7053,1.603,1.433,298.84,298.84,0.0,155.0,450,N4LO+,1NC,0.0,-0.6247,-0.6904,-0.218,-0.005808,-1.061,-0.5801,-0.1119,-0.3425,0.0,3.618e-18,-0.3772,-3.035e-18,1.214e-17,-0.0,-0.2081,0.2426,0.2169,0.0,0.2081,100
2.7227,1.555,1.393,298.84,298.84,0.0,156.0,450,N4LO+,1NC,0.0,-0.6517,-0.6754,-0.2041,-0.006784,-1.088,-0.5583,-0.1015,-0.3298,0.0,1.119e-17,-0.3624,-2.081e-18,2.081e-17,-0.0,-0.2083,0.2353,0.2109,0.0,0.2083,100
2.7402,1.507,1.354,298.84,298.84,0.0,157.0,450,N4LO+,1NC,0.0,-0.6779,-0.6593,-0.1904,-0.007705,-1.115,-0.5359,-0.09159,-0.3164,0.0,2.5e-17,-0.3469,-7.493e-18,1.242e-16,-0.0,-0.2081,0.2282,0.205,-0.0,0.2081,100
2.7576,1.461,1.316,298.84,298.84,0.0,158.0,450,N4LO+,1NC,0.0,-0.7033,-0.6421,-0.1769,-0.008565,-1.14,-0.513,-0.08221,-0.3024,0.0,-3.968e-18,-0.3308,1.102e-18,1.322e-17,-0.0,-0.2075,0.2212,0.1992,-0.0,0.2075,100
2.7751,1.416,1.278,298.84,298.84,0.0,159.0,450,N4LO+,1NC,-0.0,-0.7278,-0.6238,-0.1637,-0.009356,-1.164,-0.4895,-0.07336,-0.2878,0.0,0.0,-0.314,-1.134e-18,2.268e-17,-0.0,-0.2064,0.2143,0.1935,0.0,0.2064,100
2.7925,1.372,1.242,298.84,298.84,0.0,160.0,450,N4LO+,1NC,0.0,-0.7515,-0.6044,-0.1509,-0.01007,-1.187,-0.4657,-0.06505,-0.2725,0.0,2.959e-17,-0.2965,-3.502e-18,4.086e-17,-0.0,-0.2047,0.2077,0.188,0.0,0.2047,100
2.81,1.329,1.206,298.84,298.84,0.0,161.0,450,N4LO+,1NC,0.0,-0.7743,-0.584,-0.1383,-0.0107,-1.209,-0.4415,-0.05729,-0.2566,0.0,-4.581e-17,-0.2786,3.606e-18,-7.572e-17,-0.0,-0.2025,0.2012,0.1826,0.0,0.2025,100
2.8274,1.288,1.171,298.84,298.84,0.0,162.0,450,N4LO+,1NC,-0.0,-0.7961,-0.5624,-0.1261,-0.01124,-1.229,-0.417,-0.05009,-0.2402,0.0,-7.655e-17,-0.2601,6.187e-19,-1.07e-16,-0.0,-0.1996,0.1949,0.1773,0.0,0.1996,100
2.8449,1.248,1.138,298.84,298.84,0.0,163.0,450,N4LO+,1NC,-0.0,-0.8169,-0.5397,-0.1142,-0.01167,-1.249,-0.3924,-0.04344,-0.2232,0.0,-1.743e-17,-0.2411,3.821e-18,-5.541e-17,-0.0,-0.196,0.1889,0.1723,0.0,0.196,100
2.8623,1.209,1.106,298.84,298.84,0.0,164.0,450,N4LO+,1NC,-0.0,-0.8367,-0.5159,-0.1027,-0.012,-1.267,-0.3676,-0.03734,-0.2059,0.0,2.517e-17,-0.2218,1.311e-18,5.177e-17,-0.0,-0.1916,0.1831,0.1674,-0.0,0.1916,100
2.8798,1.173,1.075,298.84,298.84,0.0,165.0,450,N4LO+,1NC,0.0,-0.8554,-0.491,-0.09163,-0.01221,-1.283,-0.3429,-0.0318,-0.1882,0.0,5.191e-17,-0.2023,-2.022e-18,8.83e-17,-0.0,-0.1864,0.1775,0.1628,-0.0,0.1864,100
2.8972,1.138,1.046,298.84,298.84,0.0,166.0,450,N4LO+,1NC,-0.0,-0.8731,-0.465,-0.08101,-0.0123,-1.299,-0.3181,-0.02679,-0.1703,0.0,3.057e-17,-0.1826,-1.732e-18,-2.598e-17,-0.0,-0.1803,0.1723,0.1583,0.0,0.1803,100
2.9147,1.105,1.018,298.84,298.84,0.0,167.0,450,N4LO+,1NC,-0.0,-0.8897,-0.4378,-0.07087,-0.01226,-1.313,-0.2935,-0.02231,-0.1524,0.0,1.771e-17,-0.163,-1.068e-18,1.779e-17,-0.0,-0.1733,0.1673,0.1542,0.0,0.1733,100
2.9322,1.074,0.9924,298.84,298.84,0.0,168.0,450,N4LO+,1NC,-0.0,-0.9051,-0.4095,-0.06123,-0.01207,-1.326,-0.269,-0.01834,-0.1345,0.0,-7.15e-17,-0.1435,-4.017e-18,-1.789e-17,-0.0,-0.1653,0.1626,0.1502,-0.0,0.1653,100
2.9496,1.046,0.9682,298.84,298.84,0.0,169.0,450,N4LO+,1NC,0.0,-0.9194,-0.3802,-0.05215,-0.01175,-1.338,-0.2448,-0.01485,-0.1168,0.0,-1.94e-17,-0.1244,-6.363e-18,6.662e-17,-0.0,-0.1563,0.1583,0.1466,0.0,0.1563,100
2.9671,1.019,0.9458,298.84,298.84,0.0,170.0,450,N4LO+,1NC,0.0,-0.9325,-0.3497,-0.04365,-0.01129,-1.349,-0.2209,-0.01182,-0.09965,0.0,3.911e-17,-0.1059,-2.491e-18,2.51e-17,-0.0,-0.1463,0.1543,0.1432,-0.0,0.1463,100
2.9845,0.9951,0.9253,298.84,298.84,0.0,171.0,450,N4LO+,1NC,-0.0,-0.9444,-0.3183,-0.03579,-0.01068,-1.358,-0.1973,-0.009222,-0.08312,0.0,-7.283e-19,-0.08811,-2.35e-18,1.332e-17,-0.0,-0.1353,0.1506,0.1401,0.0,0.1353,100
3.002,0.9733,0.9068,298.84,298.84,0.0,172.0,450,N4LO+,1NC,0.0,-0.9552,-0.2858,-0.02859,-0.009923,-1.366,-0.1741,-0.007022,-0.06747,0.0,-2.271e-17,-0.07138,5.994e-19,-2.428e-17,-0.0,-0.1233,0.1473,0.1373,0.0,0.1233,100
3.0194,0.9539,0.8903,298.84,298.84,0.0,173.0,450,N4LO+,1NC,0.0,-0.9647,-0.2524,-0.02211,-0.009033,-1.374,-0.1512,-0.005188,-0.05293,0.0,9.308e-18,-0.0559,-9.158e-19,7.53e-18,-0.0,-0.1104,0.1444,0.1348,0.0,0.1104,100
3.0369,0.9369,0.8759,298.84,298.84,0.0,174.0,450,N4LO+,1NC,0.0,-0.9729,-0.2181,-0.0164,-0.008014,-1.38,-0.1288,-0.003686,-0.03973,0.0,-7.968e-17,-0.0419,-1.138e-18,-2.402e-16,-0.0,-0.09653,0.1418,0.1326,0.0,0.09653,100
3.0543,0.9225,0.8637,298.84,298.84,0.0,175.0,450,N4LO+,1NC,0.0,-0.9799,-0.183,-0.01148,-0.006877,-1.385,-0.1067,-0.002483,-0.02811,0.0,-1.07e-17,-0.0296,-1.101e-18,-6.241e-18,-0.0,-0.08184,0.1396,0.1307,-0.0,0.08184,100
3.0718,0.9106,0.8536,298.84,298.84,0.0,176.0,450,N4LO+,1NC,0.0,-0.9857,-0.1473,-0.007394,-0.005636,-1.389,-0.08489,-0.001547,-0.01827,0.0,-1.701e-17,-0.01922,-4.245e-19,1.3e-17,-0.0,-0.06641,0.1378,0.1292,-0.0,0.06641,100
3.0892,0.9013,0.8457,298.84,298.84,0.0,177.0,450,N4LO+,1NC,-0.0,-0.9902,-0.111,-0.004181,-0.004307,-1.392,-0.0634,-0.0008517,-0.0104,0.0,-1.146e-16,-0.01093,-1.607e-19,-1.896e-17,-0.0,-0.05037,0.1364,0.128,0.0,0.05037,100
3.1067,0.8947,0.8401,298.84,298.84,0.0,178.0,450,N4LO+,1NC,0.0,-0.9934,-0.07423,-0.001865,-0.00291,-1.394,-0.04213,-0.0003725,-0.004665,0.0,-1.306e-17,-0.004898,-2.022e-20,1.326e-17,-0.0,-0.03386,0.1354,0.1272,0.0,0.03386,100
3.1241,0.8907,0.8367,298.84,298.84,0.0,179.0,450,N4LO+,1NC,-0.0,-0.9953,-0.03719,-0.0004674,-0.001467,-1.396,-0.02103,-9.22e-05,-0.001172,0.0,-1.109e-17,-0.00123,-3.3840000000000005e-20,3.213e-18,-0.0,-0.01701,0.1348,0.1267,0.0,0.01701,100
3.1416,0.8894,0.8355,298.84,298.84,0.0,180.0,450,N4LO+,1NC,-0.0,-0.9959,0.0,0.0,-0.0,-1.396,0.0,0.0,0.0,0.0,-8.72e-17,0.0,0.0,-2.251e-16,-0.0,-0.0,0.1346,0.1265,-0.0,-0.0,100
